Time,Acceleration X (m/s^2),Acceleration Y (m/s^2),Acceleration Z (m/s^2),Magnetometer X (uTesla), Magnetometer Y (uTesla)  , Magnetometer Z (uTesla),Gyroscope X (radians/s), Gyroscope Y (radians/s), Gyroscope Z (radians/s)
2019-05-23-09:10:29.422463,0.311,-0.297,10.107,-0.300,-31.600,-21.000,-0.828,2.688,0.078
2019-05-23-09:10:29.528500,0.313,-0.309,10.122,-0.900,-30.800,-21.400,-1.008,2.828,-0.164
2019-05-23-09:10:29.634155,0.321,-0.311,10.117,-1.000,-29.700,-21.400,-0.867,3.008,0.148
2019-05-23-09:10:29.739763,0.318,-0.304,10.098,-0.900,-30.100,-21.300,-1.133,2.852,-0.148
2019-05-23-09:10:29.853910,0.301,-0.313,10.110,-0.700,-30.600,-21.300,-0.789,2.836,0.109
2019-05-23-09:10:29.963700,0.323,-0.309,10.119,-1.200,-29.800,-21.300,-0.977,2.750,0.016
2019-05-23-09:10:30.073437,0.330,-0.311,10.107,-1.400,-29.600,-21.900,-1.234,2.797,0.148
2019-05-23-09:10:30.183115,0.325,-0.306,10.122,-1.100,-31.100,-22.300,-0.617,2.758,0.156
2019-05-23-09:10:30.292734,0.323,-0.299,10.129,-1.900,-30.600,-23.200,-1.008,2.547,-0.102
2019-05-23-09:10:30.402270,0.321,-0.306,10.100,-1.400,-30.000,-21.500,-0.945,2.969,0.211
2019-05-23-09:10:30.511900,0.318,-0.313,10.124,0.100,-30.700,-21.200,-0.992,2.828,-0.234
2019-05-23-09:10:30.621564,0.304,-0.297,10.122,-1.200,-30.500,-21.900,-0.688,2.836,0.219
2019-05-23-09:10:30.731492,0.316,-0.318,10.117,-1.000,-30.000,-20.500,-0.828,2.711,0.188
2019-05-23-09:10:30.841074,0.316,-0.304,10.100,-1.700,-30.100,-20.600,-0.719,3.133,0.039
2019-05-23-09:10:30.950660,0.323,-0.313,10.134,-1.100,-29.800,-21.000,-0.789,2.797,0.016
2019-05-23-09:10:31.063690,0.311,-0.299,10.112,-2.000,-28.900,-21.200,-1.016,2.984,0.055
2019-05-23-09:10:31.173321,0.321,-0.290,10.126,-1.100,-29.800,-20.700,-1.406,2.781,-0.094
2019-05-23-09:10:31.282925,0.325,-0.313,10.117,-2.700,-29.900,-22.300,-1.164,2.742,-0.102
2019-05-23-09:10:31.392427,0.311,-0.304,10.119,-1.100,-30.300,-20.400,-0.781,2.953,-0.023
2019-05-23-09:10:31.502090,0.321,-0.304,10.081,-1.300,-30.200,-20.300,-1.234,2.672,0.062
2019-05-23-09:10:31.611826,0.306,-0.313,10.136,-1.600,-29.200,-21.100,-0.438,2.625,0.148
2019-05-23-09:10:31.721424,0.311,-0.309,10.114,-0.900,-29.800,-21.500,-1.000,2.469,0.031
2019-05-23-09:10:31.830920,0.318,-0.309,10.100,-0.800,-29.300,-20.300,-0.898,2.969,-0.008
2019-05-23-09:10:31.940813,0.318,-0.309,10.114,-0.400,-30.000,-21.200,-1.039,2.758,-0.008
2019-05-23-09:10:32.050534,0.311,-0.316,10.107,-2.600,-30.500,-22.000,-1.023,2.820,0.156
2019-05-23-09:10:32.160182,0.313,-0.316,10.100,-0.900,-31.200,-22.200,-0.680,2.797,0.172
2019-05-23-09:10:32.270135,0.306,-0.309,10.112,-1.700,-31.400,-21.500,-0.984,2.656,-0.125
2019-05-23-09:10:32.379706,0.330,-0.294,10.129,-1.500,-29.900,-21.100,-0.859,2.578,0.016
2019-05-23-09:10:32.489242,0.340,-0.304,10.102,-0.700,-29.100,-20.400,-0.359,2.852,-0.141
2019-05-23-09:10:32.598958,0.309,-0.306,10.122,-1.900,-30.600,-20.000,-1.117,2.414,-0.047
2019-05-23-09:10:32.708720,0.321,-0.297,10.100,-0.500,-30.200,-21.300,-1.328,2.633,0.008
2019-05-23-09:10:32.818378,0.323,-0.287,10.122,-2.300,-31.200,-20.800,-0.781,2.758,-0.102
2019-05-23-09:10:32.927919,0.333,-0.301,10.110,-0.100,-30.200,-21.200,-0.781,2.789,0.055
2019-05-23-09:10:33.037545,0.328,-0.287,10.129,-1.900,-30.200,-20.000,-0.570,2.602,0.031
2019-05-23-09:10:33.147455,0.318,-0.311,10.114,0.000,-30.200,-20.000,-0.266,2.594,0.008
2019-05-23-09:10:33.257195,0.321,-0.299,10.131,-2.500,-30.200,-19.700,-0.789,2.820,0.086
2019-05-23-09:10:33.366756,0.309,-0.304,10.114,-0.300,-30.500,-21.600,-0.617,2.992,0.125
2019-05-23-09:10:33.476685,0.318,-0.301,10.114,-1.800,-30.700,-20.800,-0.828,2.680,-0.148
2019-05-23-09:10:33.586464,0.321,-0.301,10.141,-1.100,-30.000,-22.200,-1.031,2.734,0.219
2019-05-23-09:10:33.696445,0.321,-0.297,10.112,-2.200,-30.400,-21.100,-1.094,2.531,0.039
2019-05-23-09:10:33.806059,0.328,-0.297,10.119,-0.900,-29.700,-21.900,-0.719,2.766,-0.070
2019-05-23-09:10:33.915553,0.325,-0.306,10.129,-1.700,-29.800,-20.500,-0.969,2.508,0.008
2019-05-23-09:10:34.025110,0.311,-0.299,10.129,-1.700,-30.200,-21.500,-0.766,2.906,-0.102
2019-05-23-09:10:34.134825,0.321,-0.309,10.136,-0.300,-31.000,-19.500,-0.891,2.570,-0.117
2019-05-23-09:10:34.246454,0.321,-0.292,10.114,-1.500,-30.200,-22.300,-1.273,2.844,0.078
2019-05-23-09:10:34.356537,0.316,-0.309,10.105,-2.100,-31.500,-21.900,-0.945,2.820,-0.117
2019-05-23-09:10:34.466165,0.323,-0.301,10.131,-1.100,-29.500,-21.500,-1.078,2.617,0.188
2019-05-23-09:10:34.575997,0.318,-0.299,10.107,-1.600,-30.900,-22.100,-0.898,2.898,0.148
2019-05-23-09:10:34.687317,0.328,-0.299,10.136,-0.500,-30.000,-20.300,-1.156,2.711,-0.117
2019-05-23-09:10:34.797319,0.318,-0.306,10.141,-1.000,-30.000,-20.800,-0.562,2.820,-0.180
2019-05-23-09:10:34.906934,0.321,-0.316,10.098,-0.900,-30.700,-20.300,-0.906,2.961,0.016
2019-05-23-09:10:35.016727,0.323,-0.309,10.110,-1.400,-29.100,-22.100,-1.203,2.805,0.008
2019-05-23-09:10:35.126633,0.313,-0.306,10.107,-0.800,-30.400,-22.000,-0.852,2.859,0.078
2019-05-23-09:10:35.236445,0.318,-0.318,10.117,-2.100,-30.600,-21.200,-0.969,2.711,-0.047
2019-05-23-09:10:35.345986,0.316,-0.313,10.138,-1.800,-30.200,-20.600,-0.680,2.734,0.156
2019-05-23-09:10:35.455441,0.333,-0.309,10.102,-1.800,-30.300,-20.800,-1.141,2.969,-0.047
2019-05-23-09:10:35.565351,0.328,-0.311,10.112,-0.500,-29.900,-21.300,-1.352,2.609,-0.008
2019-05-23-09:10:35.674972,0.318,-0.309,10.107,-1.500,-30.700,-20.700,-1.211,2.758,0.125
2019-05-23-09:10:35.784680,0.335,-0.301,10.117,-0.500,-30.000,-21.300,-0.867,2.695,-0.203
2019-05-23-09:10:35.894721,0.323,-0.301,10.110,-1.200,-29.500,-19.800,-0.906,2.945,0.133
2019-05-23-09:10:36.004420,0.333,-0.311,10.126,-1.000,-30.000,-20.800,-0.828,2.781,-0.141
2019-05-23-09:10:36.114251,0.333,-0.306,10.117,-1.300,-29.900,-20.400,-1.023,2.781,-0.078
2019-05-23-09:10:36.224051,0.337,-0.287,10.105,-0.400,-29.300,-20.800,-0.641,2.922,0.125
2019-05-23-09:10:36.333707,0.321,-0.313,10.119,-1.200,-30.500,-21.700,-1.047,2.930,-0.078
2019-05-23-09:10:36.443240,0.318,-0.297,10.122,-0.800,-29.900,-20.200,-0.820,3.031,0.016
2019-05-23-09:10:36.552902,0.309,-0.313,10.107,-1.000,-29.500,-19.900,-0.734,2.711,0.133
2019-05-23-09:10:36.665583,0.316,-0.321,10.107,0.000,-29.800,-21.400,-0.820,2.586,-0.047
2019-05-23-09:10:36.775448,0.318,-0.309,10.119,-0.500,-29.700,-20.700,-0.625,2.562,-0.023
2019-05-23-09:10:36.885011,0.325,-0.297,10.102,-0.800,-30.000,-20.400,-0.797,2.539,-0.102
2019-05-23-09:10:36.994678,0.321,-0.306,10.131,-1.300,-30.400,-21.900,-0.992,2.492,0.016
2019-05-23-09:10:37.104721,0.316,-0.290,10.134,-0.500,-29.600,-21.800,-0.656,2.742,-0.023
2019-05-23-09:10:37.214432,0.311,-0.299,10.112,-1.100,-30.800,-20.100,-0.992,3.062,-0.211
2019-05-23-09:10:37.324052,0.318,-0.297,10.117,-1.300,-30.800,-21.900,-0.641,2.648,0.367
2019-05-23-09:10:37.433611,0.309,-0.309,10.098,-1.100,-28.900,-22.100,-0.859,2.844,0.125
2019-05-23-09:10:37.543225,0.321,-0.304,10.124,-0.300,-29.700,-22.100,-0.977,2.898,0.266
2019-05-23-09:10:37.652767,0.325,-0.297,10.117,-0.300,-31.500,-20.600,-0.562,2.805,-0.125
2019-05-23-09:10:37.762393,0.318,-0.304,10.122,-1.400,-31.200,-20.100,-0.930,2.906,0.086
2019-05-23-09:10:37.875265,0.318,-0.292,10.107,-0.700,-30.400,-18.700,-0.914,2.766,-0.031
2019-05-23-09:10:37.984964,0.311,-0.306,10.124,-1.200,-29.900,-20.900,-0.961,2.609,-0.094
2019-05-23-09:10:38.094771,0.330,-0.318,10.122,-1.600,-30.900,-20.800,-1.047,2.820,0.188
2019-05-23-09:10:38.204423,0.304,-0.316,10.102,-0.900,-30.800,-20.100,-1.328,2.820,-0.070
2019-05-23-09:10:38.314466,0.337,-0.304,10.086,-1.400,-30.600,-21.200,-0.992,2.664,0.078
2019-05-23-09:10:38.424163,0.340,-0.309,10.134,-1.300,-29.200,-20.900,-1.016,2.820,-0.250
2019-05-23-09:10:38.533983,0.311,-0.299,10.107,-1.200,-30.100,-21.100,-1.188,2.719,-0.297
2019-05-23-09:10:38.643837,0.323,-0.301,10.091,-1.000,-31.200,-20.000,-0.695,2.648,-0.148
2019-05-23-09:10:38.753572,0.328,-0.313,10.117,-1.300,-31.300,-21.000,-1.133,2.586,-0.141
2019-05-23-09:10:38.863127,0.325,-0.299,10.112,-0.700,-30.400,-21.100,-0.898,2.797,0.055
2019-05-23-09:10:38.972700,0.313,-0.306,10.155,-1.400,-30.200,-20.500,-0.906,2.758,0.031
2019-05-23-09:10:39.082594,0.323,-0.309,10.114,-0.400,-30.200,-21.000,-0.609,2.797,-0.148
2019-05-23-09:10:39.192332,0.311,-0.306,10.114,-1.800,-31.500,-21.100,-0.852,2.727,0.195
2019-05-23-09:10:39.302102,0.313,-0.321,10.110,-1.200,-29.800,-20.700,-0.680,2.633,-0.008
2019-05-23-09:10:39.411606,0.328,-0.294,10.126,-0.900,-30.000,-21.400,-1.195,2.500,0.031
2019-05-23-09:10:39.521532,0.321,-0.299,10.122,0.300,-30.700,-20.900,-0.773,2.719,-0.164
2019-05-23-09:10:39.631266,0.325,-0.292,10.122,-1.000,-30.700,-21.000,-0.969,2.883,-0.344
2019-05-23-09:10:39.741100,0.313,-0.299,10.134,-0.300,-29.600,-20.200,-0.945,2.766,-0.055
2019-05-23-09:10:39.850751,0.325,-0.299,10.112,-1.400,-30.600,-19.800,-0.688,2.812,0.016
2019-05-23-09:10:39.960357,0.304,-0.325,10.100,-0.400,-30.600,-20.200,-1.078,2.664,0.188
2019-05-23-09:10:40.070122,0.328,-0.311,10.114,-2.000,-31.400,-19.700,-0.906,2.797,0.156
2019-05-23-09:10:40.179696,0.321,-0.304,10.134,-0.100,-31.300,-20.400,-0.906,2.883,0.133
2019-05-23-09:10:40.289554,0.337,-0.294,10.131,-1.700,-30.600,-21.100,-0.906,2.945,0.148
2019-05-23-09:10:40.399114,0.321,-0.316,10.129,-0.300,-30.400,-20.400,-1.047,2.734,0.016
2019-05-23-09:10:40.508633,0.321,-0.313,10.105,-0.600,-30.700,-20.000,-0.781,2.477,-0.094
2019-05-23-09:10:40.618397,0.309,-0.301,10.143,-0.500,-29.500,-20.000,-0.945,2.570,-0.031
2019-05-23-09:10:40.728386,0.321,-0.306,10.131,-0.700,-31.900,-21.300,-0.805,2.680,-0.047
2019-05-23-09:10:40.837948,0.323,-0.299,10.105,-0.500,-30.800,-21.200,-1.148,2.758,0.195
2019-05-23-09:10:40.947463,0.328,-0.309,10.117,-1.200,-31.400,-19.800,-0.875,2.867,-0.023
2019-05-23-09:10:41.057104,0.335,-0.311,10.131,-1.000,-30.800,-20.700,-0.805,2.766,-0.078
2019-05-23-09:10:41.166713,0.323,-0.313,10.117,0.100,-29.800,-21.500,-0.898,2.742,-0.148
2019-05-23-09:10:41.276393,0.337,-0.306,10.150,-1.500,-30.900,-20.500,-0.984,3.047,0.148
2019-05-23-09:10:41.385918,0.342,-0.316,10.083,0.000,-29.700,-21.500,-1.391,2.812,0.039
2019-05-23-09:10:41.495843,0.330,-0.297,10.143,-1.700,-30.500,-20.600,-0.539,2.812,0.125
2019-05-23-09:10:41.605551,0.318,-0.313,10.158,-0.500,-30.100,-20.200,-1.148,2.711,0.219
2019-05-23-09:10:41.715117,0.342,-0.309,10.071,-2.000,-30.700,-19.800,-1.148,2.812,0.102
2019-05-23-09:10:41.824749,0.330,-0.304,10.126,-0.700,-30.600,-20.700,-0.922,2.898,0.219
2019-05-23-09:10:41.935314,0.342,-0.306,10.098,-1.700,-31.000,-19.900,-1.180,2.781,-0.164
2019-05-23-09:10:42.045222,0.311,-0.299,10.134,-0.800,-30.400,-20.800,-0.969,2.758,0.242
2019-05-23-09:10:42.154967,0.330,-0.301,10.146,-2.200,-30.900,-19.800,-0.641,2.859,0.258
2019-05-23-09:10:42.264762,0.311,-0.294,10.134,-0.700,-30.100,-19.600,-0.820,2.734,-0.008
2019-05-23-09:10:42.374347,0.337,-0.316,10.091,-0.800,-30.300,-20.900,-1.164,2.766,-0.211
2019-05-23-09:10:42.484004,0.325,-0.311,10.129,-0.100,-30.800,-21.200,-0.805,2.734,-0.031
2019-05-23-09:10:42.602952,0.316,-0.301,10.117,-0.500,-30.600,-21.500,-1.188,2.820,-0.125
2019-05-23-09:10:42.712869,0.330,-0.304,10.114,-0.200,-30.200,-19.700,-1.000,2.734,0.039
2019-05-23-09:10:42.822466,0.316,-0.311,10.100,-0.600,-30.700,-21.200,-1.406,2.562,0.133
2019-05-23-09:10:42.932043,0.330,-0.304,10.095,-1.500,-30.300,-20.300,-0.945,2.977,-0.305
2019-05-23-09:10:43.041832,0.321,-0.309,10.122,0.000,-30.500,-20.600,-0.922,2.867,-0.031
2019-05-23-09:10:43.151823,0.337,-0.304,10.114,-1.000,-31.400,-20.800,-0.914,2.758,-0.047
2019-05-23-09:10:43.261481,0.337,-0.328,10.102,0.300,-30.800,-21.800,-0.781,2.734,0.258
2019-05-23-09:10:43.371018,0.325,-0.287,10.146,-1.500,-29.900,-20.800,-0.781,3.109,-0.008
2019-05-23-09:10:43.480566,0.323,-0.301,10.114,-0.900,-30.400,-20.400,-0.531,2.820,0.172
2019-05-23-09:10:43.590269,0.311,-0.313,10.098,-1.000,-30.400,-18.700,-0.961,2.656,-0.055
2019-05-23-09:10:43.700186,0.325,-0.316,10.119,-0.200,-30.900,-22.100,-0.992,2.891,-0.047
2019-05-23-09:10:43.809823,0.316,-0.306,10.136,-0.700,-30.000,-19.900,-0.961,2.867,-0.008
2019-05-23-09:10:43.919776,0.316,-0.299,10.114,-1.500,-31.300,-19.600,-0.703,2.781,-0.148
2019-05-23-09:10:44.029519,0.325,-0.306,10.093,-0.300,-30.800,-20.800,-0.680,2.797,-0.078
2019-05-23-09:10:44.139346,0.323,-0.294,10.131,-1.300,-30.000,-19.200,-1.398,2.914,-0.102
2019-05-23-09:10:44.249086,0.333,-0.287,10.148,-1.500,-29.900,-21.700,-0.641,2.883,0.258
2019-05-23-09:10:44.359048,0.313,-0.306,10.131,-1.000,-30.800,-20.600,-1.047,2.625,-0.008
2019-05-23-09:10:44.468690,0.330,-0.297,10.136,-0.600,-29.800,-20.300,-0.922,2.664,0.148
2019-05-23-09:10:44.578426,0.330,-0.297,10.129,-1.400,-31.600,-21.600,-0.648,2.594,-0.055
2019-05-23-09:10:44.687972,0.328,-0.316,10.117,-0.600,-31.200,-21.500,-0.789,2.672,0.102
2019-05-23-09:10:44.797545,0.328,-0.287,10.141,-1.700,-29.800,-20.900,-0.750,2.719,-0.031
2019-05-23-09:10:44.907312,0.323,-0.299,10.117,-0.600,-29.700,-22.600,-1.016,2.953,-0.031
2019-05-23-09:10:45.016970,0.330,-0.306,10.114,-2.500,-30.700,-20.700,-0.883,2.773,0.148
2019-05-23-09:10:45.126958,0.340,-0.311,10.146,-0.700,-30.200,-22.100,-0.852,2.844,-0.047
2019-05-23-09:10:45.236794,0.335,-0.309,10.067,-1.000,-31.400,-20.800,-1.000,2.984,0.125
2019-05-23-09:10:45.346491,0.316,-0.301,10.114,-1.300,-31.000,-20.300,-0.781,2.758,-0.188
2019-05-23-09:10:45.456012,0.337,-0.304,10.119,-1.000,-31.300,-19.700,-0.789,2.883,0.172
2019-05-23-09:10:45.565941,0.335,-0.297,10.114,-0.600,-30.500,-22.000,-1.297,2.875,0.102
2019-05-23-09:10:45.675530,0.323,-0.316,10.134,-1.700,-29.800,-19.200,-0.422,2.883,0.016
2019-05-23-09:10:45.785151,0.325,-0.321,10.095,-0.700,-29.700,-20.700,-0.875,2.805,-0.320
2019-05-23-09:10:45.894745,0.328,-0.323,10.126,-2.000,-31.200,-21.100,-0.992,2.664,0.211
2019-05-23-09:10:46.004341,0.330,-0.297,10.074,-1.500,-29.900,-21.000,-0.766,2.828,-0.180
2019-05-23-09:10:46.114122,0.323,-0.318,10.124,-1.600,-30.800,-22.300,-1.297,2.875,0.234
2019-05-23-09:10:46.223878,0.323,-0.297,10.131,0.100,-30.700,-20.800,-1.094,2.977,-0.023
2019-05-23-09:10:46.333921,0.333,-0.287,10.155,-1.500,-30.100,-20.600,-0.578,2.953,-0.117
2019-05-23-09:10:46.443621,0.328,-0.299,10.107,-0.300,-30.600,-20.400,-0.984,2.891,-0.008
2019-05-23-09:10:46.553317,0.309,-0.311,10.114,-1.700,-31.600,-19.200,-0.773,2.711,-0.094
2019-05-23-09:10:46.662849,0.333,-0.299,10.122,-0.500,-30.700,-19.800,-1.195,2.734,0.086
2019-05-23-09:10:46.772721,0.330,-0.306,10.138,-0.200,-30.800,-20.300,-0.961,2.766,-0.008
2019-05-23-09:10:46.882285,0.318,-0.304,10.136,-1.800,-30.600,-19.300,-0.680,2.773,0.133
2019-05-23-09:10:46.991932,0.323,-0.306,10.117,-1.200,-31.100,-18.900,-0.945,2.695,-0.008
2019-05-23-09:10:47.101641,0.325,-0.309,10.088,-1.500,-30.600,-21.100,-0.469,2.641,0.195
2019-05-23-09:10:47.211246,0.337,-0.294,10.129,-1.000,-30.000,-20.000,-0.695,2.914,-0.031
2019-05-23-09:10:47.320754,0.321,-0.311,10.129,-1.300,-30.000,-19.600,-0.969,2.711,-0.078
2019-05-23-09:10:47.430279,0.323,-0.309,10.110,0.500,-31.200,-20.300,-0.836,2.703,0.055
2019-05-23-09:10:47.540352,0.316,-0.301,10.119,-1.500,-31.100,-20.200,-0.703,2.711,-0.344
2019-05-23-09:10:47.650017,0.323,-0.311,10.129,-0.900,-30.300,-20.500,-1.234,2.617,0.195
2019-05-23-09:10:47.759612,0.345,-0.321,10.122,-1.900,-31.000,-19.600,-1.016,2.852,-0.047
2019-05-23-09:10:47.869105,0.323,-0.311,10.079,-0.400,-30.600,-21.400,-0.875,2.930,0.078
2019-05-23-09:10:47.979025,0.311,-0.306,10.086,-2.200,-30.100,-20.100,-0.805,2.500,-0.188
2019-05-23-09:10:48.088817,0.306,-0.304,10.119,-1.600,-32.100,-20.200,-1.250,2.508,-0.008
2019-05-23-09:10:48.198768,0.328,-0.309,10.136,-1.100,-29.400,-21.100,-0.602,2.977,-0.125
2019-05-23-09:10:48.308426,0.333,-0.301,10.105,-1.300,-29.500,-20.600,-0.961,2.656,-0.117
2019-05-23-09:10:48.417911,0.325,-0.306,10.122,-2.400,-31.200,-20.400,-0.773,2.844,-0.023
2019-05-23-09:10:48.527423,0.328,-0.313,10.131,-1.000,-30.000,-20.500,-1.242,3.039,-0.117
2019-05-23-09:10:48.637209,0.342,-0.309,10.117,-1.100,-31.400,-20.200,-0.984,2.852,-0.203
2019-05-23-09:10:48.747168,0.342,-0.297,10.114,-0.800,-30.200,-20.300,-1.242,2.758,0.289
2019-05-23-09:10:48.856746,0.345,-0.301,10.102,-0.500,-30.500,-21.200,-1.352,2.672,0.008
2019-05-23-09:10:48.966413,0.330,-0.301,10.112,-1.300,-30.500,-20.700,-0.805,2.734,-0.188
2019-05-23-09:10:49.076154,0.316,-0.297,10.126,-2.000,-30.600,-23.500,-1.000,2.906,0.133
2019-05-23-09:10:49.186102,0.342,-0.313,10.091,-0.200,-31.400,-20.900,-1.047,2.891,-0.117
2019-05-23-09:10:49.295878,0.323,-0.313,10.074,-2.200,-30.300,-20.100,-0.805,2.742,-0.055
2019-05-23-09:10:49.405405,0.323,-0.316,10.102,-1.000,-30.000,-19.400,-0.875,2.758,-0.047
2019-05-23-09:10:49.514940,0.321,-0.309,10.107,-1.000,-31.400,-19.400,-0.781,2.688,0.125
2019-05-23-09:10:49.624691,0.311,-0.299,10.112,-1.300,-29.500,-20.800,-1.023,2.680,-0.055
2019-05-23-09:10:49.734270,0.311,-0.294,10.129,-1.300,-31.000,-19.300,-0.805,2.711,-0.047
2019-05-23-09:10:49.843782,0.325,-0.297,10.126,-0.900,-30.700,-20.700,-0.992,2.758,0.062
2019-05-23-09:10:49.953806,0.321,-0.306,10.143,-0.700,-30.400,-19.400,-0.961,2.977,-0.031
2019-05-23-09:10:50.063772,0.318,-0.297,10.134,-0.800,-30.800,-20.200,-0.539,2.742,-0.094
2019-05-23-09:10:50.173509,0.330,-0.313,10.126,-0.600,-30.100,-21.500,-1.336,2.812,0.016
2019-05-23-09:10:50.283209,0.325,-0.301,10.112,-1.000,-30.600,-23.000,-0.852,2.867,-0.227
2019-05-23-09:10:50.393168,0.337,-0.292,10.134,-1.000,-30.700,-21.600,-0.820,2.672,-0.141
2019-05-23-09:10:50.503062,0.323,-0.313,10.093,-0.300,-30.200,-21.800,-1.117,3.000,-0.094
2019-05-23-09:10:50.612834,0.318,-0.301,10.100,-0.200,-31.000,-21.800,-1.289,2.883,0.109
2019-05-23-09:10:50.722407,0.318,-0.294,10.110,-1.300,-30.300,-21.400,-0.828,2.914,0.008
2019-05-23-09:10:50.832032,0.335,-0.304,10.095,-1.300,-30.900,-20.400,-1.258,2.695,-0.188
2019-05-23-09:10:50.941650,0.316,-0.306,10.105,0.100,-30.100,-20.300,-1.234,2.844,0.008
2019-05-23-09:10:51.053350,0.335,-0.318,10.086,-2.000,-29.900,-21.400,-1.188,2.523,-0.211
2019-05-23-09:10:51.163261,0.306,-0.297,10.110,-0.100,-30.000,-20.300,-0.992,2.656,-0.117
2019-05-23-09:10:51.273050,0.321,-0.304,10.102,-1.500,-30.500,-21.300,-0.773,2.641,0.031
2019-05-23-09:10:51.382627,0.306,-0.301,10.160,-0.300,-29.800,-20.600,-1.188,2.359,0.086
2019-05-23-09:10:51.492162,0.316,-0.301,10.148,-1.300,-31.200,-22.700,-1.047,2.805,-0.078
2019-05-23-09:10:51.602154,0.325,-0.306,10.119,-1.000,-30.300,-20.300,-1.180,2.758,-0.031
2019-05-23-09:10:51.711962,0.316,-0.313,10.098,-0.600,-30.000,-21.200,-1.086,2.844,0.008
2019-05-23-09:10:51.821532,0.345,-0.297,10.153,-1.000,-30.800,-20.700,-0.648,3.008,0.156
2019-05-23-09:10:51.931023,0.309,-0.309,10.112,0.300,-31.200,-20.500,-1.070,2.609,-0.070
2019-05-23-09:10:52.040776,0.333,-0.306,10.129,0.000,-31.600,-21.100,-0.859,2.875,0.102
2019-05-23-09:10:52.150322,0.313,-0.299,10.093,-1.400,-30.200,-21.100,-1.094,2.734,-0.148
2019-05-23-09:10:52.260030,0.321,-0.311,10.105,-0.500,-29.500,-21.500,-1.039,2.977,-0.031
2019-05-23-09:10:52.370087,0.333,-0.306,10.112,-0.200,-31.500,-20.200,-1.008,3.047,0.031
2019-05-23-09:10:52.479739,0.313,-0.304,10.150,-0.800,-31.400,-21.700,-0.773,2.602,0.086
2019-05-23-09:10:52.589420,0.352,-0.311,10.105,-1.500,-30.300,-22.200,-1.016,2.586,-0.078
2019-05-23-09:10:52.701331,0.328,-0.311,10.141,-0.800,-29.800,-21.100,-0.930,2.859,0.281
2019-05-23-09:10:52.811104,0.309,-0.299,10.141,-1.400,-30.900,-21.200,-0.758,2.789,0.086
2019-05-23-09:10:52.920820,0.316,-0.304,10.126,-0.300,-30.700,-21.300,-1.281,2.781,-0.234
2019-05-23-09:10:53.030455,0.335,-0.299,10.112,-0.900,-30.700,-20.400,-0.977,2.812,0.078
2019-05-23-09:10:53.140389,0.306,-0.306,10.117,-0.400,-30.700,-20.800,-0.836,2.859,0.016
2019-05-23-09:10:53.250111,0.318,-0.306,10.074,-1.800,-30.900,-21.500,-1.227,2.711,-0.141
2019-05-23-09:10:53.359666,0.330,-0.313,10.091,-1.500,-31.200,-20.700,-0.953,2.711,0.102
2019-05-23-09:10:53.469228,0.323,-0.297,10.162,-1.900,-30.800,-21.900,-1.180,2.711,-0.203
2019-05-23-09:10:53.579151,0.316,-0.306,10.124,-1.000,-30.800,-20.900,-0.992,2.586,0.133
2019-05-23-09:10:53.689035,0.321,-0.278,10.131,-1.300,-31.800,-21.800,-1.297,2.688,0.156
2019-05-23-09:10:53.798687,0.328,-0.318,10.098,-0.600,-31.000,-22.200,-1.070,2.719,-0.008
2019-05-23-09:10:53.911069,0.323,-0.285,10.119,-1.000,-30.200,-20.100,-0.758,2.844,0.234
2019-05-23-09:10:54.020957,0.330,-0.309,10.119,0.100,-30.700,-21.000,-1.148,2.664,0.234
2019-05-23-09:10:54.130795,0.325,-0.311,10.091,-2.100,-31.000,-20.700,-0.820,2.828,-0.023
2019-05-23-09:10:54.240544,0.323,-0.292,10.122,-1.600,-29.700,-20.600,-1.117,2.875,0.016
2019-05-23-09:10:54.350252,0.316,-0.313,10.129,-1.900,-30.700,-21.000,-0.984,2.680,-0.102
2019-05-23-09:10:54.459773,0.323,-0.299,10.069,-1.300,-29.700,-21.000,-0.625,2.938,-0.008
2019-05-23-09:10:54.569420,0.323,-0.299,10.091,-2.000,-30.400,-19.300,-0.930,2.773,0.156
2019-05-23-09:10:54.678943,0.335,-0.301,10.134,-1.300,-29.600,-20.900,-1.117,2.898,0.148
2019-05-23-09:10:54.788827,0.316,-0.321,10.098,-0.400,-30.000,-21.100,-0.930,2.750,0.156
2019-05-23-09:10:54.898487,0.325,-0.304,10.119,-1.000,-29.600,-20.600,-1.039,3.031,0.188
2019-05-23-09:10:55.008164,0.330,-0.301,10.126,-1.300,-29.900,-21.000,-1.141,2.711,0.109
2019-05-23-09:10:55.118051,0.323,-0.304,10.086,-1.300,-30.600,-21.100,-0.539,2.883,0.133
2019-05-23-09:10:55.227962,0.333,-0.301,10.062,-1.600,-30.400,-21.400,-0.742,2.820,-0.141
2019-05-23-09:10:55.337539,0.349,-0.299,10.114,-1.500,-30.600,-20.900,-0.805,2.695,-0.102
2019-05-23-09:10:55.447133,0.323,-0.318,10.105,-1.200,-30.600,-22.500,-1.328,2.797,-0.188
2019-05-23-09:10:55.556801,0.318,-0.299,10.105,-1.800,-31.300,-20.500,-0.406,2.742,-0.055
2019-05-23-09:10:55.666420,0.330,-0.306,10.064,-0.500,-30.700,-20.800,-0.844,2.766,-0.148
2019-05-23-09:10:55.776000,0.323,-0.313,10.134,-1.700,-30.800,-20.500,-1.031,2.727,0.086
2019-05-23-09:10:55.885518,0.325,-0.309,10.110,-0.100,-30.600,-21.800,-0.734,2.578,0.172
2019-05-23-09:10:55.995427,0.321,-0.301,10.098,-1.900,-30.400,-20.600,-1.156,2.672,-0.148
2019-05-23-09:10:56.105145,0.316,-0.297,10.138,-0.400,-30.000,-21.500,-0.922,2.625,0.062
2019-05-23-09:10:56.214834,0.321,-0.301,10.141,-1.800,-31.000,-20.800,-0.953,2.750,0.109
2019-05-23-09:10:56.324839,0.309,-0.294,10.110,-0.700,-30.100,-21.600,-0.578,2.766,-0.188
2019-05-23-09:10:56.434481,0.325,-0.306,10.107,-1.800,-30.900,-21.600,-0.992,2.711,0.148
2019-05-23-09:10:56.544236,0.304,-0.290,10.126,-1.500,-28.700,-21.600,-0.992,2.648,-0.031
2019-05-23-09:10:56.654064,0.330,-0.294,10.102,-1.200,-31.200,-21.100,-0.727,2.656,-0.148
2019-05-23-09:10:56.763895,0.321,-0.306,10.102,-1.200,-30.400,-20.200,-0.867,2.938,-0.141
2019-05-23-09:10:56.873605,0.313,-0.311,10.107,-1.300,-30.100,-20.500,-0.945,2.812,0.086
2019-05-23-09:10:56.983246,0.347,-0.297,10.091,-0.900,-30.600,-20.600,-0.570,2.812,0.031
2019-05-23-09:10:57.093174,0.325,-0.297,10.136,-1.700,-30.200,-19.900,-0.594,2.945,0.039
2019-05-23-09:10:57.203097,0.313,-0.301,10.102,-0.600,-31.000,-21.700,-1.094,2.891,-0.094
2019-05-23-09:10:57.312682,0.316,-0.313,10.100,-1.600,-29.100,-20.800,-0.758,2.836,0.102
2019-05-23-09:10:57.422182,0.313,-0.299,10.150,-0.300,-30.700,-20.800,-0.727,2.797,-0.031
2019-05-23-09:10:57.532202,0.337,-0.301,10.105,-0.300,-30.800,-22.300,-0.656,2.734,-0.117
2019-05-23-09:10:57.642007,0.333,-0.311,10.091,-0.600,-30.300,-20.200,-0.781,2.734,-0.047
2019-05-23-09:10:57.751717,0.313,-0.297,10.098,-1.000,-30.900,-22.100,-0.703,2.688,0.016
2019-05-23-09:10:57.861264,0.316,-0.325,10.071,-2.000,-30.800,-21.700,-0.531,2.891,-0.367
2019-05-23-09:10:57.970903,0.333,-0.311,10.088,-1.800,-29.900,-20.400,-1.281,2.820,-0.031
2019-05-23-09:10:58.080640,0.318,-0.304,10.083,-2.100,-32.000,-20.200,-1.094,2.703,0.109
2019-05-23-09:10:58.190332,0.309,-0.321,10.102,-2.300,-30.300,-22.400,-1.234,2.883,-0.141
2019-05-23-09:10:58.300018,0.342,-0.309,10.136,-1.300,-31.200,-20.700,-1.148,3.039,-0.117
2019-05-23-09:10:58.410063,0.321,-0.311,10.136,0.100,-30.700,-21.500,-0.664,2.641,0.102
2019-05-23-09:10:58.519745,0.325,-0.316,10.126,-1.100,-30.600,-21.500,-0.969,2.758,0.219
2019-05-23-09:10:58.629681,0.325,-0.306,10.112,-1.700,-30.200,-19.100,-1.383,2.961,0.039
2019-05-23-09:10:58.739647,0.321,-0.297,10.117,-0.900,-30.600,-20.800,-0.477,2.758,-0.055
2019-05-23-09:10:58.849216,0.318,-0.323,10.088,0.200,-29.800,-21.600,-1.070,2.727,0.078
2019-05-23-09:10:58.958743,0.311,-0.294,10.119,-1.400,-30.700,-21.300,-1.211,2.820,0.102
2019-05-23-09:10:59.068575,0.330,-0.304,10.119,-1.200,-30.000,-21.000,-0.773,2.844,0.219
2019-05-23-09:10:59.178251,0.340,-0.299,10.112,-1.700,-30.300,-21.000,-1.180,2.734,-0.148
2019-05-23-09:10:59.287865,0.325,-0.304,10.122,-0.600,-29.600,-20.700,-0.805,2.797,-0.453
2019-05-23-09:10:59.399550,0.325,-0.304,10.153,-1.900,-30.600,-20.300,-0.805,2.695,-0.281
2019-05-23-09:10:59.509193,0.342,-0.311,10.112,-1.600,-31.900,-21.100,-1.141,2.602,0.109
2019-05-23-09:10:59.619125,0.318,-0.309,10.124,-0.900,-30.500,-21.200,-0.148,2.688,0.156
2019-05-23-09:10:59.728734,0.325,-0.309,10.112,-1.500,-31.700,-22.000,-1.023,2.969,0.125
2019-05-23-09:10:59.838358,0.316,-0.294,10.138,-1.600,-31.200,-21.800,-0.773,2.742,-0.164
2019-05-23-09:10:59.948341,0.321,-0.304,10.124,-0.700,-30.700,-20.600,-0.992,2.695,-0.117
2019-05-23-09:11:00.058083,0.328,-0.304,10.105,-2.100,-30.800,-21.300,-0.875,2.578,0.109
2019-05-23-09:11:00.167719,0.323,-0.304,10.107,-1.500,-30.500,-21.700,-1.047,2.648,-0.055
2019-05-23-09:11:00.277435,0.306,-0.301,10.122,-0.500,-29.900,-21.200,-1.070,2.758,-0.070
2019-05-23-09:11:00.387199,0.330,-0.313,10.107,-1.500,-30.200,-19.500,-0.617,3.016,-0.031
2019-05-23-09:11:00.496807,0.323,-0.306,10.067,-1.200,-30.800,-21.600,-0.805,2.906,0.055
2019-05-23-09:11:00.606597,0.330,-0.309,10.141,-0.600,-30.600,-22.100,-0.805,2.734,0.102
2019-05-23-09:11:00.718601,0.323,-0.297,10.122,0.000,-30.400,-22.600,-0.859,2.672,0.031
2019-05-23-09:11:00.828469,0.323,-0.292,10.126,-1.200,-30.600,-21.600,-0.539,2.758,-0.117
2019-05-23-09:11:00.938049,0.311,-0.321,10.114,-0.500,-30.500,-20.600,-0.812,2.773,0.148
2019-05-23-09:11:01.047714,0.309,-0.301,10.143,-1.700,-29.500,-21.000,-0.859,2.812,0.086
2019-05-23-09:11:01.157615,0.333,-0.297,10.105,-0.600,-29.600,-22.000,-0.867,3.008,0.156
2019-05-23-09:11:01.267267,0.325,-0.290,10.119,-0.900,-30.600,-19.600,-1.258,2.734,-0.070
2019-05-23-09:11:01.376788,0.333,-0.306,10.112,-0.300,-30.900,-22.600,-0.820,2.844,-0.055
2019-05-23-09:11:01.486399,0.323,-0.301,10.110,-1.600,-31.600,-21.000,-0.820,2.828,-0.055
2019-05-23-09:11:01.596061,0.328,-0.306,10.086,-0.800,-31.000,-21.200,-1.016,2.844,0.008
2019-05-23-09:11:01.705589,0.318,-0.306,10.117,-0.500,-30.600,-21.600,-1.148,2.906,0.102
2019-05-23-09:11:01.815158,0.330,-0.285,10.122,-0.900,-31.200,-21.700,-0.828,2.695,-0.141
2019-05-23-09:11:01.927891,0.321,-0.321,10.110,-1.800,-31.000,-20.300,-1.070,2.727,0.219
2019-05-23-09:11:02.037642,0.321,-0.304,10.114,-2.000,-30.900,-21.200,-1.094,2.906,0.109
2019-05-23-09:11:02.147225,0.328,-0.321,10.112,-0.600,-30.700,-20.900,-0.797,2.828,0.008
2019-05-23-09:11:02.256822,0.309,-0.311,10.093,-1.500,-30.100,-21.200,-1.016,2.656,-0.031
2019-05-23-09:11:02.366775,0.321,-0.306,10.138,-0.700,-31.100,-20.700,-0.586,2.734,-0.047
2019-05-23-09:11:02.476501,0.333,-0.311,10.112,-2.100,-31.000,-21.600,-1.070,2.945,0.156
2019-05-23-09:11:02.586201,0.342,-0.301,10.107,-0.700,-30.100,-22.400,-1.312,2.844,0.211
2019-05-23-09:11:02.695774,0.318,-0.304,10.098,-0.700,-31.000,-21.000,-0.695,2.906,-0.141
2019-05-23-09:11:02.805366,0.328,-0.321,10.107,-1.000,-31.000,-21.000,-1.047,2.781,-0.031
2019-05-23-09:11:02.914872,0.337,-0.318,10.086,-1.200,-31.400,-21.500,-1.203,2.781,-0.125
2019-05-23-09:11:03.024701,0.323,-0.297,10.122,-0.400,-30.700,-22.300,-0.773,2.711,0.016
2019-05-23-09:11:03.134766,0.311,-0.301,10.136,-1.400,-29.400,-21.700,-0.672,2.883,-0.148
2019-05-23-09:11:03.244662,0.335,-0.299,10.153,-1.300,-29.900,-23.300,-0.797,2.539,-0.094
2019-05-23-09:11:03.354262,0.328,-0.318,10.095,-2.200,-31.000,-21.900,-1.281,2.914,-0.102
2019-05-23-09:11:03.463816,0.313,-0.313,10.100,-1.000,-29.900,-21.300,-1.141,2.820,-0.047
2019-05-23-09:11:03.573823,0.306,-0.294,10.146,-2.100,-31.100,-21.400,-1.039,2.766,-0.023
2019-05-23-09:11:03.683718,0.330,-0.299,10.110,-0.400,-31.200,-21.500,-0.750,2.828,-0.125
2019-05-23-09:11:03.793443,0.316,-0.313,10.112,-1.200,-30.900,-21.200,-0.688,3.016,-0.148
2019-05-23-09:11:03.902994,0.311,-0.301,10.124,-0.700,-30.700,-21.700,-0.945,2.906,0.125
2019-05-23-09:11:04.012574,0.333,-0.304,10.107,-1.200,-31.000,-20.700,-1.031,2.750,0.031
2019-05-23-09:11:04.122314,0.325,-0.309,10.122,-1.100,-30.700,-22.000,-1.102,2.773,0.016
2019-05-23-09:11:04.232060,0.321,-0.304,10.091,-1.500,-31.100,-21.400,-1.031,2.703,0.055
2019-05-23-09:11:04.342054,0.313,-0.297,10.098,-1.000,-30.200,-22.400,-0.930,2.961,0.133
2019-05-23-09:11:04.451799,0.311,-0.301,10.129,-1.200,-29.800,-20.700,-0.984,2.758,-0.047
2019-05-23-09:11:04.561431,0.321,-0.309,10.131,-0.900,-30.200,-22.800,-0.477,2.719,-0.141
2019-05-23-09:11:04.670973,0.333,-0.311,10.129,-1.300,-30.800,-21.700,-0.789,2.906,0.055
2019-05-23-09:11:04.781610,0.333,-0.309,10.134,-1.400,-30.900,-20.900,-0.523,2.648,-0.008
2019-05-23-09:11:04.891504,0.321,-0.292,10.129,-1.600,-30.100,-21.100,-0.742,3.031,0.102
2019-05-23-09:11:05.001266,0.328,-0.301,10.126,-0.800,-30.300,-21.600,-0.672,2.695,-0.180
2019-05-23-09:11:05.111062,0.323,-0.292,10.131,-1.700,-30.200,-22.600,-1.227,2.680,-0.164
2019-05-23-09:11:05.220781,0.330,-0.297,10.136,-0.800,-30.300,-22.700,-0.695,2.852,-0.047
2019-05-23-09:11:05.330299,0.321,-0.304,10.131,-1.800,-30.000,-22.200,-0.797,2.719,-0.008
2019-05-23-09:11:05.439759,0.306,-0.297,10.088,-1.100,-30.100,-20.500,-1.156,2.523,-0.055
2019-05-23-09:11:05.549630,0.309,-0.290,10.114,-2.300,-31.000,-21.600,-1.062,2.758,-0.031
2019-05-23-09:11:05.659232,0.316,-0.309,10.129,-2.000,-30.800,-20.400,-1.047,2.797,0.109
2019-05-23-09:11:05.768856,0.328,-0.318,10.091,-1.000,-30.200,-22.000,-0.992,2.625,-0.055
2019-05-23-09:11:05.878449,0.321,-0.304,10.098,-1.200,-31.000,-20.400,-0.961,2.953,0.008
2019-05-23-09:11:05.988546,0.337,-0.311,10.131,-0.700,-30.800,-21.300,-1.055,2.648,0.109
2019-05-23-09:11:06.098645,0.335,-0.290,10.129,-2.000,-30.600,-21.500,-1.023,2.867,-0.148
2019-05-23-09:11:06.208463,0.323,-0.263,10.131,-2.500,-30.700,-21.800,-0.578,2.805,-0.141
2019-05-23-09:11:06.318031,0.321,-0.294,10.122,-0.800,-30.200,-22.300,-0.891,2.742,0.008
2019-05-23-09:11:06.427532,0.313,-0.318,10.098,-1.800,-31.100,-21.200,-1.109,2.844,-0.148
2019-05-23-09:11:06.537110,0.313,-0.290,10.148,-0.700,-31.500,-22.200,-0.758,3.047,0.172
2019-05-23-09:11:06.646698,0.335,-0.301,10.122,-0.100,-30.300,-22.000,-0.742,2.938,-0.211
2019-05-23-09:11:06.756635,0.323,-0.306,10.143,-1.100,-31.300,-20.800,-0.820,2.672,-0.148
2019-05-23-09:11:06.866242,0.323,-0.294,10.114,-1.700,-30.800,-20.500,-0.508,2.867,-0.141
2019-05-23-09:11:06.975848,0.316,-0.318,10.153,-1.500,-30.000,-21.700,-0.828,2.641,0.195
2019-05-23-09:11:07.085539,0.340,-0.318,10.110,-0.600,-30.200,-22.200,-1.141,2.602,0.195
2019-05-23-09:11:07.195681,0.321,-0.297,10.136,0.500,-30.700,-21.300,-0.781,2.672,-0.164
2019-05-23-09:11:07.305323,0.335,-0.297,10.126,-1.600,-31.000,-20.600,-0.836,2.531,0.109
2019-05-23-09:11:07.414813,0.318,-0.301,10.129,-0.100,-30.600,-20.100,-0.969,2.641,0.156
2019-05-23-09:11:07.524338,0.323,-0.304,10.114,-0.900,-30.800,-21.000,-0.945,2.656,-0.125
2019-05-23-09:11:07.634056,0.321,-0.309,10.138,-1.800,-30.200,-21.400,-1.047,2.539,0.086
2019-05-23-09:11:07.743655,0.328,-0.304,10.141,-1.500,-31.300,-21.200,-0.930,2.773,0.031
2019-05-23-09:11:07.855290,0.328,-0.304,10.095,-0.400,-29.600,-20.100,-0.727,3.078,-0.023
2019-05-23-09:11:07.965202,0.333,-0.301,10.079,-0.300,-30.500,-20.900,-0.898,2.773,0.016
2019-05-23-09:11:08.075038,0.328,-0.316,10.081,-0.800,-30.600,-20.100,-1.094,2.617,0.266
2019-05-23-09:11:08.184737,0.318,-0.304,10.107,-1.000,-30.800,-20.300,-0.797,2.672,-0.047
2019-05-23-09:11:08.294425,0.337,-0.306,10.114,-1.300,-30.400,-21.400,-0.992,2.945,0.031
2019-05-23-09:11:08.404462,0.313,-0.304,10.119,-0.800,-30.400,-21.600,-1.219,2.812,0.102
2019-05-23-09:11:08.514189,0.323,-0.311,10.124,-0.800,-31.500,-21.700,-0.789,3.055,-0.008
2019-05-23-09:11:08.623857,0.325,-0.316,10.136,-1.500,-31.100,-19.300,-0.875,2.875,0.016
2019-05-23-09:11:08.733781,0.328,-0.311,10.107,-1.500,-29.300,-21.300,-1.430,2.797,0.078
2019-05-23-09:11:08.843390,0.309,-0.304,10.102,-0.900,-30.400,-21.600,-0.992,2.617,0.188
2019-05-23-09:11:08.953020,0.330,-0.292,10.124,-1.400,-30.800,-21.400,-0.781,3.086,-0.023
2019-05-23-09:11:09.062718,0.328,-0.311,10.105,-0.500,-30.300,-21.400,-0.477,3.008,0.086
2019-05-23-09:11:09.172704,0.323,-0.301,10.107,-0.300,-30.500,-21.700,-0.961,2.734,0.008
2019-05-23-09:11:09.282509,0.325,-0.311,10.114,-2.000,-30.300,-21.900,-0.672,2.844,-0.008
2019-05-23-09:11:09.392164,0.311,-0.297,10.114,-1.700,-30.800,-22.200,-0.789,2.688,0.078
2019-05-23-09:11:09.508351,0.313,-0.299,10.146,-1.100,-30.700,-21.500,-1.086,2.734,-0.008
2019-05-23-09:11:09.618362,0.318,-0.299,10.117,-1.300,-29.300,-20.000,-1.266,2.695,-0.164
2019-05-23-09:11:09.727981,0.328,-0.299,10.117,-1.100,-30.300,-21.400,-1.141,2.852,-0.055
2019-05-23-09:11:09.837684,0.321,-0.313,10.112,-1.500,-30.600,-22.900,-1.234,2.977,-0.078
2019-05-23-09:11:09.947279,0.325,-0.301,10.112,-1.700,-30.100,-21.800,-0.734,2.648,0.039
2019-05-23-09:11:10.056925,0.318,-0.311,10.117,-1.700,-30.000,-21.300,-1.359,2.992,-0.273
2019-05-23-09:11:10.166591,0.313,-0.297,10.119,-0.800,-29.800,-20.300,-1.383,2.867,-0.055
2019-05-23-09:11:10.276206,0.328,-0.301,10.114,-1.200,-30.300,-21.300,-0.570,2.922,0.125
2019-05-23-09:11:10.386153,0.328,-0.311,10.102,-0.800,-30.000,-21.700,-0.867,2.969,-0.148
2019-05-23-09:11:10.495798,0.321,-0.311,10.105,-1.400,-30.200,-22.900,-0.539,2.773,-0.070
2019-05-23-09:11:10.605476,0.321,-0.309,10.114,-1.100,-30.300,-20.500,-1.188,2.852,-0.117
2019-05-23-09:11:10.715242,0.306,-0.299,10.119,-1.500,-30.400,-20.300,-1.289,2.586,-0.008
2019-05-23-09:11:10.825216,0.318,-0.306,10.122,-1.700,-31.100,-19.200,-0.711,2.820,0.109
2019-05-23-09:11:10.934776,0.321,-0.316,10.122,-0.700,-30.700,-20.200,-1.023,2.633,-0.070
2019-05-23-09:11:11.044429,0.321,-0.313,10.141,-0.900,-30.600,-21.100,-1.055,3.023,-0.102
2019-05-23-09:11:11.154090,0.313,-0.301,10.126,-0.600,-29.500,-22.300,-0.977,2.820,0.055
2019-05-23-09:11:11.263781,0.325,-0.306,10.105,-0.800,-29.400,-21.400,-1.219,2.773,0.125
2019-05-23-09:11:11.373289,0.318,-0.304,10.098,-1.100,-30.000,-20.900,-0.719,2.781,-0.383
2019-05-23-09:11:11.482802,0.330,-0.306,10.114,-1.900,-30.800,-20.800,-1.211,2.641,0.016
2019-05-23-09:11:11.592741,0.325,-0.292,10.110,-1.100,-31.500,-22.000,-0.844,2.711,-0.180
2019-05-23-09:11:11.702328,0.313,-0.304,10.091,-1.900,-30.800,-22.000,-0.992,2.633,-0.227
2019-05-23-09:11:11.811991,0.316,-0.313,10.100,-1.200,-31.400,-20.700,-0.711,2.562,0.102
2019-05-23-09:11:11.921495,0.316,-0.306,10.122,-1.200,-31.300,-19.900,-0.453,2.719,-0.227
2019-05-23-09:11:12.031324,0.306,-0.301,10.119,-1.500,-29.800,-21.200,-1.461,2.758,0.031
2019-05-23-09:11:12.141134,0.316,-0.309,10.124,-1.500,-31.300,-22.300,-1.078,2.898,0.039
2019-05-23-09:11:12.250835,0.337,-0.309,10.126,-1.200,-30.800,-21.700,-0.852,2.992,-0.094
2019-05-23-09:11:12.360362,0.306,-0.316,10.122,-0.900,-31.400,-21.500,-1.102,2.797,0.016
2019-05-23-09:11:12.470008,0.323,-0.304,10.105,-1.700,-30.800,-20.900,-0.938,2.758,-0.164
2019-05-23-09:11:12.579661,0.328,-0.301,10.093,-1.100,-30.700,-20.800,-0.898,2.688,0.102
2019-05-23-09:11:12.689190,0.321,-0.309,10.119,-1.500,-30.100,-21.300,-0.664,2.734,0.031
2019-05-23-09:11:12.799083,0.333,-0.316,10.124,-0.500,-30.800,-20.900,-1.016,3.016,-0.141
2019-05-23-09:11:12.908652,0.325,-0.301,10.117,-2.000,-30.700,-21.900,-0.898,2.922,0.016
2019-05-23-09:11:13.018309,0.304,-0.301,10.105,-1.200,-30.600,-22.800,-0.547,2.844,0.195
2019-05-23-09:11:13.128078,0.311,-0.299,10.122,-0.600,-30.600,-22.200,-0.828,2.883,-0.141
2019-05-23-09:11:13.238014,0.321,-0.299,10.124,-1.300,-30.000,-20.000,-1.148,2.906,0.391
2019-05-23-09:11:13.347588,0.323,-0.306,10.095,-1.800,-29.700,-20.500,-0.805,2.688,0.125
2019-05-23-09:11:13.457056,0.333,-0.294,10.141,-0.400,-30.900,-21.000,-0.938,2.805,-0.008
2019-05-23-09:11:13.566716,0.318,-0.301,10.107,-1.200,-30.900,-21.000,-0.852,2.805,-0.023
2019-05-23-09:11:13.676579,0.340,-0.311,10.102,-0.100,-31.300,-21.700,-0.438,2.969,0.016
2019-05-23-09:11:13.786255,0.328,-0.311,10.138,-1.100,-30.100,-20.800,-1.172,2.789,0.133
2019-05-23-09:11:13.895796,0.309,-0.294,10.117,-0.200,-30.900,-20.700,-0.742,2.820,-0.055
2019-05-23-09:11:14.005747,0.325,-0.304,10.122,-1.000,-31.500,-20.500,-1.086,2.781,0.008
2019-05-23-09:11:14.115540,0.321,-0.299,10.114,-0.900,-29.900,-20.700,-0.727,2.922,0.219
2019-05-23-09:11:14.225238,0.311,-0.309,10.095,-1.600,-30.000,-20.800,-0.836,3.125,-0.031
2019-05-23-09:11:14.334769,0.309,-0.299,10.105,-0.600,-30.600,-21.500,-1.008,2.656,-0.078
2019-05-23-09:11:14.444765,0.318,-0.306,10.112,-0.600,-30.500,-21.000,-0.492,2.602,0.086
2019-05-23-09:11:14.554469,0.318,-0.306,10.081,-0.900,-31.100,-20.600,-1.016,2.562,0.234
2019-05-23-09:11:14.664132,0.318,-0.304,10.114,-1.800,-31.100,-20.300,-1.016,2.422,-0.023
2019-05-23-09:11:14.773780,0.318,-0.299,10.136,-0.200,-30.300,-21.400,-0.648,2.992,-0.078
2019-05-23-09:11:14.883276,0.328,-0.311,10.129,-1.000,-29.700,-22.800,-0.797,2.695,-0.102
2019-05-23-09:11:14.992850,0.316,-0.306,10.131,-1.500,-30.600,-22.000,-0.969,2.703,0.148
2019-05-23-09:11:15.102532,0.309,-0.306,10.146,-0.500,-30.700,-21.600,-0.969,2.711,0.211
2019-05-23-09:11:15.212529,0.318,-0.301,10.100,-1.400,-31.400,-20.100,-0.891,2.648,-0.320
2019-05-23-09:11:15.322098,0.318,-0.301,10.129,-1.600,-29.800,-22.100,-0.727,2.648,-0.141
2019-05-23-09:11:15.431594,0.318,-0.306,10.112,-0.500,-30.600,-22.400,-0.891,2.852,-0.180
2019-05-23-09:11:15.541270,0.318,-0.301,10.112,-0.900,-29.800,-21.500,-0.945,2.672,-0.180
2019-05-23-09:11:15.651243,0.321,-0.306,10.105,-0.900,-29.900,-19.800,-0.727,2.711,0.055
2019-05-23-09:11:15.760861,0.325,-0.299,10.124,-1.600,-31.400,-21.200,-0.945,2.734,-0.047
2019-05-23-09:11:15.870627,0.318,-0.311,10.105,-1.600,-30.700,-22.100,-0.875,2.883,0.086
2019-05-23-09:11:15.981349,0.323,-0.306,10.124,-0.800,-30.300,-20.000,-0.828,2.680,-0.211
2019-05-23-09:11:16.091249,0.309,-0.304,10.146,-1.800,-30.400,-21.700,-1.336,2.719,-0.008
2019-05-23-09:11:16.203119,0.318,-0.304,10.102,-1.300,-29.700,-20.800,-0.992,2.711,-0.367
2019-05-23-09:11:16.312714,0.309,-0.297,10.110,-0.800,-31.000,-20.900,-1.117,2.766,-0.047
2019-05-23-09:11:16.422630,0.318,-0.304,10.129,-1.400,-29.200,-21.400,-0.688,2.906,0.156
2019-05-23-09:11:16.532273,0.328,-0.297,10.131,-1.200,-30.900,-21.700,-0.625,2.539,0.008
2019-05-23-09:11:16.642070,0.321,-0.316,10.088,-1.300,-30.200,-21.700,-0.680,2.922,0.078
2019-05-23-09:11:16.753313,0.316,-0.306,10.105,-0.100,-31.500,-20.800,-0.922,2.789,0.055
2019-05-23-09:11:16.863102,0.328,-0.304,10.114,-0.700,-31.700,-21.500,-1.109,2.742,0.008
2019-05-23-09:11:16.972722,0.309,-0.294,10.102,-1.000,-31.500,-20.300,-0.969,2.602,0.109
2019-05-23-09:11:17.082396,0.318,-0.311,10.117,-1.700,-31.700,-19.700,-1.211,2.945,0.219
2019-05-23-09:11:17.192020,0.316,-0.299,10.124,-0.300,-30.900,-20.000,-1.070,2.766,-0.023
2019-05-23-09:11:17.301729,0.333,-0.318,10.110,-0.700,-30.000,-21.400,-0.875,2.609,-0.102
2019-05-23-09:11:17.411270,0.313,-0.304,10.112,-1.300,-29.700,-21.900,-0.953,2.820,0.172
2019-05-23-09:11:17.520797,0.316,-0.304,10.129,-1.400,-30.500,-21.200,-0.945,2.641,0.016
2019-05-23-09:11:17.630680,0.321,-0.313,10.105,-1.700,-30.600,-20.200,-0.922,2.695,-0.234
2019-05-23-09:11:17.740263,0.335,-0.316,10.119,-0.400,-29.900,-19.900,-0.688,2.820,0.039
2019-05-23-09:11:17.849818,0.323,-0.299,10.112,-0.700,-29.700,-21.300,-0.852,2.836,0.234
2019-05-23-09:11:17.959944,0.335,-0.299,10.114,-1.300,-31.000,-21.300,-0.922,2.805,-0.070
2019-05-23-09:11:18.069681,0.313,-0.301,10.112,-1.400,-30.700,-21.600,-0.898,2.664,0.031
2019-05-23-09:11:18.179374,0.309,-0.304,10.124,-1.300,-30.400,-20.800,-0.758,2.758,0.258
2019-05-23-09:11:18.289028,0.328,-0.313,10.110,-1.900,-31.600,-20.900,-0.773,2.844,0.109
2019-05-23-09:11:18.398561,0.306,-0.304,10.105,-1.400,-30.900,-20.800,-0.703,2.727,0.125
2019-05-23-09:11:18.508190,0.321,-0.304,10.110,-0.200,-30.700,-19.700,-1.016,2.930,-0.078
2019-05-23-09:11:18.617834,0.313,-0.309,10.110,-1.300,-30.800,-19.600,-0.953,2.688,0.062
2019-05-23-09:11:18.727694,0.306,-0.306,10.122,-1.300,-30.100,-19.700,-1.023,2.797,-0.047
2019-05-23-09:11:18.837656,0.318,-0.294,10.122,-1.300,-30.800,-20.200,-0.555,2.938,-0.078
2019-05-23-09:11:18.947223,0.321,-0.285,10.105,-0.300,-31.100,-21.400,-1.086,2.844,-0.117
2019-05-23-09:11:19.056845,0.311,-0.301,10.143,-1.600,-31.000,-21.600,-0.828,2.758,0.008
2019-05-23-09:11:19.166779,0.323,-0.311,10.107,-1.100,-31.000,-21.800,-1.109,2.570,-0.102
2019-05-23-09:11:19.276546,0.325,-0.309,10.083,-1.500,-30.700,-22.100,-0.906,2.922,0.125
2019-05-23-09:11:19.386140,0.321,-0.299,10.105,-1.400,-31.400,-19.800,-0.766,2.391,-0.047
2019-05-23-09:11:19.495808,0.321,-0.297,10.112,-0.800,-31.200,-20.000,-1.398,2.766,-0.047
2019-05-23-09:11:19.605468,0.313,-0.309,10.107,-2.500,-30.200,-21.000,-0.805,2.516,0.102
2019-05-23-09:11:19.715018,0.328,-0.304,10.122,-0.800,-31.000,-20.800,-0.898,2.625,0.031
2019-05-23-09:11:19.824658,0.333,-0.292,10.102,-1.300,-31.100,-20.400,-0.742,2.820,-0.047
2019-05-23-09:11:19.934191,0.330,-0.301,10.131,-1.100,-30.200,-21.500,-1.109,2.648,-0.102
2019-05-23-09:11:20.044153,0.328,-0.304,10.117,-1.500,-30.400,-21.300,-0.906,2.820,0.016
2019-05-23-09:11:20.153728,0.323,-0.313,10.114,-0.200,-29.400,-21.200,-0.766,2.695,-0.188
2019-05-23-09:11:20.263346,0.321,-0.299,10.124,-0.900,-31.300,-19.700,-1.062,2.781,-0.047
2019-05-23-09:11:20.373181,0.330,-0.306,10.102,-1.600,-30.100,-20.600,-1.000,2.578,0.148
2019-05-23-09:11:20.482816,0.323,-0.301,10.114,-1.500,-30.600,-20.300,-0.789,2.797,0.156
2019-05-23-09:11:20.592472,0.321,-0.299,10.110,-1.400,-31.000,-21.600,-0.586,3.172,-0.078
2019-05-23-09:11:20.702082,0.335,-0.301,10.129,-1.100,-30.100,-20.800,-1.070,2.875,0.031
2019-05-23-09:11:20.811730,0.316,-0.309,10.100,-1.200,-30.200,-20.800,-0.805,2.883,0.039
2019-05-23-09:11:20.921239,0.311,-0.297,10.100,-0.700,-29.700,-20.400,-0.680,2.797,-0.047
2019-05-23-09:11:21.030985,0.325,-0.297,10.124,-0.400,-31.000,-20.700,-0.727,2.742,-0.211
2019-05-23-09:11:21.140700,0.352,-0.297,10.119,-1.100,-30.100,-21.500,-1.055,2.664,0.055
2019-05-23-09:11:21.250622,0.313,-0.294,10.095,-0.100,-30.700,-21.100,-0.812,2.812,0.062
2019-05-23-09:11:21.360283,0.309,-0.297,10.122,-1.000,-30.200,-21.500,-0.797,2.797,-0.078
2019-05-23-09:11:21.470009,0.325,-0.311,10.134,-1.000,-30.000,-21.900,-0.703,2.859,0.031
2019-05-23-09:11:21.579943,0.304,-0.309,10.119,-1.400,-31.100,-22.600,-1.133,2.656,-0.047
2019-05-23-09:11:21.689504,0.333,-0.301,10.119,-1.500,-30.300,-20.500,-0.914,2.906,-0.258
2019-05-23-09:11:21.799092,0.309,-0.309,10.105,-1.400,-29.900,-19.800,-0.875,2.602,0.031
2019-05-23-09:11:21.908601,0.337,-0.297,10.105,-1.400,-29.100,-21.600,-1.016,2.844,0.086
2019-05-23-09:11:22.018254,0.325,-0.313,10.105,-1.400,-30.700,-21.100,-0.633,2.633,-0.070
2019-05-23-09:11:22.127919,0.333,-0.306,10.114,-0.800,-30.300,-21.700,-0.969,2.586,0.211
2019-05-23-09:11:22.237575,0.325,-0.287,10.131,-1.900,-30.800,-20.800,-0.922,2.953,-0.094
2019-05-23-09:11:22.347101,0.313,-0.309,10.102,-0.900,-30.400,-20.100,-0.633,2.891,0.008
2019-05-23-09:11:22.456910,0.318,-0.309,10.105,-1.300,-30.100,-20.300,-0.688,2.758,0.133
2019-05-23-09:11:22.566717,0.321,-0.301,10.117,-0.800,-30.100,-21.600,-1.070,2.570,-0.023
2019-05-23-09:11:22.676282,0.313,-0.309,10.110,-0.500,-30.600,-19.700,-0.586,2.633,-0.031
2019-05-23-09:11:22.786108,0.325,-0.297,10.119,-1.200,-30.300,-21.700,-0.727,2.742,-0.359
2019-05-23-09:11:22.895858,0.311,-0.301,10.117,-2.000,-31.000,-21.500,-1.039,2.828,-0.234
2019-05-23-09:11:23.005497,0.345,-0.306,10.138,-1.100,-30.500,-21.000,-0.953,2.750,0.109
2019-05-23-09:11:23.115224,0.316,-0.304,10.131,-1.700,-30.500,-20.700,-0.805,2.750,0.281
2019-05-23-09:11:23.224913,0.330,-0.290,10.119,-1.200,-29.300,-20.400,-0.773,2.992,-0.102
2019-05-23-09:11:23.334448,0.318,-0.304,10.112,-0.900,-29.700,-19.700,-0.766,3.031,0.039
2019-05-23-09:11:23.443975,0.316,-0.299,10.107,-1.200,-30.200,-21.000,-0.695,2.594,-0.023
2019-05-23-09:11:23.553670,0.337,-0.311,10.102,-0.400,-30.400,-20.900,-0.727,2.477,0.156
2019-05-23-09:11:23.663577,0.318,-0.297,10.122,-0.900,-30.000,-20.900,-1.227,2.781,-0.031
2019-05-23-09:11:23.773444,0.321,-0.309,10.126,-1.100,-30.500,-20.800,-0.797,2.820,-0.047
2019-05-23-09:11:23.883182,0.316,-0.299,10.102,-1.200,-30.700,-20.600,-0.805,2.797,0.008
2019-05-23-09:11:23.993125,0.323,-0.292,10.117,-1.000,-29.900,-19.500,-1.156,2.586,-0.023
2019-05-23-09:11:24.102893,0.321,-0.311,10.105,-1.000,-30.000,-21.300,-1.055,2.539,0.156
2019-05-23-09:11:24.212531,0.316,-0.313,10.095,-0.500,-29.600,-20.800,-0.406,2.758,-0.031
2019-05-23-09:11:24.322232,0.318,-0.304,10.124,-1.600,-30.500,-20.900,-1.070,2.914,-0.164
2019-05-23-09:11:24.431856,0.306,-0.318,10.114,-0.500,-31.000,-21.000,-1.164,2.758,0.086
2019-05-23-09:11:24.541576,0.328,-0.297,10.119,-0.900,-30.500,-20.400,-0.664,3.039,-0.078
2019-05-23-09:11:24.653152,0.333,-0.304,10.112,-1.600,-30.100,-20.800,-0.984,2.695,-0.125
2019-05-23-09:11:24.762870,0.318,-0.301,10.124,-0.800,-30.300,-20.900,-0.977,2.758,0.039
2019-05-23-09:11:24.872810,0.311,-0.297,10.102,-1.000,-29.900,-22.600,-1.156,2.672,-0.148
2019-05-23-09:11:24.982492,0.316,-0.297,10.126,-1.400,-30.400,-20.900,-0.625,2.539,-0.148
2019-05-23-09:11:25.092203,0.316,-0.309,10.110,-0.900,-30.200,-20.300,-0.883,3.016,-0.031
2019-05-23-09:11:25.202222,0.325,-0.297,10.119,-0.300,-31.200,-21.400,-1.227,2.867,-0.055
2019-05-23-09:11:25.311879,0.328,-0.301,10.112,-1.400,-31.500,-21.300,-1.242,2.883,0.086
2019-05-23-09:11:25.421375,0.318,-0.304,10.107,-0.900,-31.400,-21.600,-0.773,2.883,-0.070
2019-05-23-09:11:25.530907,0.316,-0.306,10.102,-1.200,-31.000,-20.600,-0.727,2.641,0.133
